FECHA_VST,0,1,2,3,4,5,6,7,8,9,10
2017-01-06,0,151,48,261,0,0,0,1,51,272,477
2017-01-07,48,261,0,0,0,1,51,272,0,0,0
2017-01-08,0,0,0,1,51,272,0,0,46,284,572
2017-01-09,0,1,51,272,0,0,46,284,43,273,528
2017-01-10,51,272,0,0,46,284,43,273,0,0,0
2017-01-11,0,0,46,284,43,273,0,0,38,133,271
2017-01-12,46,284,43,273,0,0,38,133,61,233,461
2017-01-13,43,273,0,0,38,133,61,233,0,0,0
2017-01-14,0,0,38,133,61,233,0,0,0,0,0
2017-01-15,38,133,61,233,0,0,0,0,0,0,0
2017-01-16,61,233,0,0,0,0,0,0,0,0,0
2017-01-17,0,0,0,0,0,0,0,0,0,0,0
2017-01-18,0,0,0,0,0,0,0,0,0,0,0
2017-01-19,0,0,0,0,0,0,0,0,0,0,0
2017-01-20,0,0,0,0,0,0,0,0,0,0,0
2017-01-21,0,0,0,0,0,0,0,0,0,0,0
2017-01-22,0,0,0,0,0,0,0,0,0,0,0
2017-01-23,0,0,0,0,0,0,0,0,0,0,0
2017-01-24,0,0,0,0,0,0,0,0,0,0,0
2017-01-25,0,0,0,0,0,0,0,0,0,0,0
2017-01-26,0,0,0,0,0,0,0,0,0,0,0
2017-01-27,0,0,0,0,0,0,0,0,0,0,0
2017-01-28,0,0,0,0,0,0,0,0,0,0,0
2017-01-29,0,0,0,0,0,0,0,0,0,0,0
2017-01-30,0,0,0,0,0,0,0,0,0,0,0
2017-01-31,0,0,0,0,0,0,0,0,0,0,0
2017-02-01,0,0,0,0,0,0,0,0,0,0,0
2017-02-02,0,0,0,0,0,0,0,0,0,132,406
2017-02-03,0,0,0,0,0,0,0,132,7,283,458
2017-02-04,0,0,0,0,0,132,7,283,0,0,0
2017-02-05,0,0,0,132,7,283,0,0,63,277,606
2017-02-06,0,132,7,283,0,0,63,277,51,306,515
2017-02-07,7,283,0,0,63,277,51,306,0,0,0
2017-02-08,0,0,63,277,51,306,0,0,60,131,357
2017-02-09,63,277,51,306,0,0,60,131,0,0,0
2017-02-10,51,306,0,0,60,131,0,0,46,182,390
2017-02-11,0,0,60,131,0,0,46,182,0,0,0
2017-02-12,60,131,0,0,46,182,0,0,0,1,1
2017-02-13,0,0,46,182,0,0,0,1,0,340,579
2017-02-14,46,182,0,0,0,1,0,340,0,316,582
2017-02-15,0,0,0,1,0,340,0,316,0,367,660
2017-02-16,0,1,0,340,0,316,0,367,0,355,633
2017-02-17,0,340,0,316,0,367,0,355,0,268,502
2017-02-18,0,316,0,367,0,355,0,268,0,0,0
2017-02-19,0,367,0,355,0,268,0,0,0,0,0
2017-02-20,0,355,0,268,0,0,0,0,0,312,573
2017-02-21,0,268,0,0,0,0,0,312,0,327,540
2017-02-22,0,0,0,0,0,312,0,327,0,116,339
2017-02-23,0,0,0,312,0,327,0,116,0,203,418
2017-02-24,0,312,0,327,0,116,0,203,0,204,425
2017-02-25,0,327,0,116,0,203,0,204,0,0,0
2017-02-26,0,116,0,203,0,204,0,0,0,0,0
2017-02-27,0,203,0,204,0,0,0,0,0,0,0
2017-02-28,0,204,0,0,0,0,0,0,0,0,0
2017-03-01,0,0,0,0,0,0,0,0,0,0,5
2017-03-02,0,0,0,0,0,0,0,0,0,295,587
2017-03-03,0,0,0,0,0,0,0,295,43,323,573
2017-03-04,0,0,0,0,0,295,43,323,69,286,591
2017-03-05,0,0,0,295,43,323,69,286,0,221,449
2017-03-06,0,295,43,323,69,286,0,221,3,0,4
2017-03-07,43,323,69,286,0,221,3,0,27,304,588
2017-03-08,69,286,0,221,3,0,27,304,56,198,406
2017-03-09,0,221,3,0,27,304,56,198,0,0,0
2017-03-10,3,0,27,304,56,198,0,0,0,198,428
2017-03-11,27,304,56,198,0,0,0,198,0,0,0
2017-03-12,56,198,0,0,0,198,0,0,0,0,0
2017-03-13,0,0,0,198,0,0,0,0,75,326,704
2017-03-14,0,198,0,0,0,0,75,326,73,317,733
2017-03-15,0,0,0,0,75,326,73,317,71,313,711
2017-03-16,0,0,75,326,73,317,71,313,66,285,637
2017-03-17,75,326,73,317,71,313,66,285,58,287,557
2017-03-18,73,317,71,313,66,285,58,287,0,0,0
2017-03-19,71,313,66,285,58,287,0,0,0,0,0
2017-03-20,66,285,58,287,0,0,0,0,66,278,600
2017-03-21,58,287,0,0,0,0,66,278,52,298,578
2017-03-22,0,0,0,0,66,278,52,298,64,326,679
2017-03-23,0,0,66,278,52,298,64,326,53,276,552
2017-03-24,66,278,52,298,64,326,53,276,5,288,522
2017-03-25,52,298,64,326,53,276,5,288,0,0,0
2017-03-26,64,326,53,276,5,288,0,0,0,0,0
2017-03-27,53,276,5,288,0,0,0,0,31,210,434
2017-03-28,5,288,0,0,0,0,31,210,24,180,259
2017-03-29,0,0,0,0,31,210,24,180,60,189,386
2017-03-30,0,0,31,210,24,180,60,189,59,170,398
2017-03-31,31,210,24,180,60,189,59,170,41,22,195
2017-04-01,24,180,60,189,59,170,41,22,0,0,0
2017-04-02,60,189,59,170,41,22,0,0,0,0,0
2017-04-03,59,170,41,22,0,0,0,0,0,0,0
2017-04-04,41,22,0,0,0,0,0,0,71,295,614
2017-04-05,0,0,0,0,0,0,71,295,59,179,490
2017-04-06,0,0,0,0,71,295,59,179,0,0,0
2017-04-07,0,0,71,295,59,179,0,0,56,20,302
2017-04-08,71,295,59,179,0,0,56,20,47,212,501
2017-04-09,59,179,0,0,56,20,47,212,49,315,658
2017-04-10,0,0,56,20,47,212,49,315,62,270,513
2017-04-11,56,20,47,212,49,315,62,270,0,0,0
2017-04-12,47,212,49,315,62,270,0,0,63,364,641
2017-04-13,49,315,62,270,0,0,63,364,1,0,1
2017-04-14,62,270,0,0,63,364,1,0,0,0,0
2017-04-15,0,0,63,364,1,0,0,0,0,0,0
2017-04-16,63,364,1,0,0,0,0,0,0,0,0
2017-04-17,1,0,0,0,0,0,0,0,59,345,724
2017-04-18,0,0,0,0,0,0,59,345,70,353,735
2017-04-19,0,0,0,0,59,345,70,353,65,359,745
2017-04-20,0,0,59,345,70,353,65,359,75,341,689
2017-04-21,59,345,70,353,65,359,75,341,45,258,529
2017-04-22,70,353,65,359,75,341,45,258,0,0,0
2017-04-23,65,359,75,341,45,258,0,0,0,0,0
2017-04-24,75,341,45,258,0,0,0,0,60,288,599
2017-04-25,45,258,0,0,0,0,60,288,60,291,612
2017-04-26,0,0,0,0,60,288,60,291,52,217,530
2017-04-27,0,0,60,288,60,291,52,217,61,307,639
2017-04-28,60,288,60,291,52,217,61,307,58,306,504
2017-04-29,60,291,52,217,61,307,58,306,0,0,0
2017-04-30,52,217,61,307,58,306,0,0,0,0,0
2017-05-01,61,307,58,306,0,0,0,0,0,0,1
2017-05-02,58,306,0,0,0,0,0,0,0,0,0
2017-05-03,0,0,0,0,0,0,0,0,0,0,0
2017-05-04,0,0,0,0,0,0,0,0,58,291,615
2017-05-05,0,0,0,0,0,0,58,291,52,281,525
2017-05-06,0,0,0,0,58,291,52,281,46,226,552
2017-05-07,0,0,58,291,52,281,46,226,39,19,301
2017-05-08,58,291,52,281,46,226,39,19,0,0,0
2017-05-09,52,281,46,226,39,19,0,0,52,295,557
2017-05-10,46,226,39,19,0,0,52,295,63,343,662
2017-05-11,39,19,0,0,52,295,63,343,0,0,0
2017-05-12,0,0,52,295,63,343,0,0,49,192,447
2017-05-13,52,295,63,343,0,0,49,192,0,0,0
2017-05-14,63,343,0,0,49,192,0,0,0,0,0
2017-05-15,0,0,49,192,0,0,0,0,67,349,639
2017-05-16,49,192,0,0,0,0,67,349,53,376,703
2017-05-17,0,0,0,0,67,349,53,376,70,367,761
2017-05-18,0,0,67,349,53,376,70,367,75,341,717
2017-05-19,67,349,53,376,70,367,75,341,54,256,549
2017-05-20,53,376,70,367,75,341,54,256,0,0,0
2017-05-21,70,367,75,341,54,256,0,0,0,0,0
2017-05-22,75,341,54,256,0,0,0,0,64,257,579
2017-05-23,54,256,0,0,0,0,64,257,71,267,624
2017-05-24,0,0,0,0,64,257,71,267,68,277,505
2017-05-25,0,0,64,257,71,267,68,277,61,272,538
2017-05-26,64,257,71,267,68,277,61,272,1,10,20
2017-05-27,71,267,68,277,61,272,1,10,0,0,0
2017-05-28,68,277,61,272,1,10,0,0,0,0,0
2017-05-29,61,272,1,10,0,0,0,0,57,273,561
2017-05-30,1,10,0,0,0,0,57,273,69,249,533
2017-05-31,0,0,0,0,57,273,69,249,47,192,402
2017-06-01,0,0,57,273,69,249,47,192,0,0,0
2017-06-02,57,273,69,249,47,192,0,0,0,306,583
2017-06-03,69,249,47,192,0,0,0,306,50,0,302
2017-06-04,47,192,0,0,0,306,50,0,62,189,450
2017-06-05,0,0,0,306,50,0,62,189,0,0,0
2017-06-06,0,306,50,0,62,189,0,0,49,228,553
2017-06-07,50,0,62,189,0,0,49,228,43,14,310
2017-06-08,62,189,0,0,49,228,43,14,0,0,0
2017-06-09,0,0,49,228,43,14,0,0,44,219,417
2017-06-10,49,228,43,14,0,0,44,219,59,343,594
2017-06-11,43,14,0,0,44,219,59,343,58,227,491
2017-06-12,0,0,44,219,59,343,58,227,35,247,465
2017-06-13,44,219,59,343,58,227,35,247,79,388,684
2017-06-14,59,343,58,227,35,247,79,388,85,412,775
2017-06-15,58,227,35,247,79,388,85,412,74,397,773
2017-06-16,35,247,79,388,85,412,74,397,57,265,597
2017-06-17,79,388,85,412,74,397,57,265,0,0,0
2017-06-18,85,412,74,397,57,265,0,0,0,0,0
2017-06-19,74,397,57,265,0,0,0,0,57,343,668
2017-06-20,57,265,0,0,0,0,57,343,67,241,587
2017-06-21,0,0,0,0,57,343,67,241,71,336,655
2017-06-22,0,0,57,343,67,241,71,336,53,339,554
2017-06-23,57,343,67,241,71,336,53,339,50,298,579
2017-06-24,67,241,71,336,53,339,50,298,0,0,0
2017-06-25,71,336,53,339,50,298,0,0,0,0,0
2017-06-26,53,339,50,298,0,0,0,0,47,275,561
2017-06-27,50,298,0,0,0,0,47,275,63,278,589
2017-06-28,0,0,0,0,47,275,63,278,47,306,597
2017-06-29,0,0,47,275,63,278,47,306,49,238,473
2017-06-30,47,275,63,278,47,306,49,238,47,207,429
2017-07-01,63,278,47,306,49,238,47,207,0,0,0
2017-07-02,47,306,49,238,47,207,0,0,0,306,571
2017-07-03,49,238,47,207,0,0,0,306,54,32,340
2017-07-04,47,207,0,0,0,306,54,32,46,168,486
2017-07-05,0,0,0,306,54,32,46,168,0,0,0
2017-07-06,0,306,54,32,46,168,0,0,62,330,652
2017-07-07,54,32,46,168,0,0,62,330,36,21,306
2017-07-08,46,168,0,0,62,330,36,21,29,314,623
2017-07-09,0,0,62,330,36,21,29,314,22,235,485
2017-07-10,62,330,36,21,29,314,22,235,0,0,0
2017-07-11,36,21,29,314,22,235,0,0,20,259,428
2017-07-12,29,314,22,235,0,0,20,259,56,350,652
2017-07-13,22,235,0,0,20,259,56,350,59,304,648
2017-07-14,0,0,20,259,56,350,59,304,48,302,587
2017-07-15,20,259,56,350,59,304,48,302,0,0,0
2017-07-16,56,350,59,304,48,302,0,0,0,0,0
2017-07-17,59,304,48,302,0,0,0,0,46,373,678
2017-07-18,48,302,0,0,0,0,46,373,45,374,648
2017-07-19,0,0,0,0,46,373,45,374,45,416,696
2017-07-20,0,0,46,373,45,374,45,416,53,373,682
2017-07-21,46,373,45,374,45,416,53,373,45,293,567
2017-07-22,45,374,45,416,53,373,45,293,0,0,0
2017-07-23,45,416,53,373,45,293,0,0,0,0,0
2017-07-24,53,373,45,293,0,0,0,0,22,167,319
2017-07-25,45,293,0,0,0,0,22,167,46,273,590
2017-07-26,0,0,0,0,22,167,46,273,40,342,502
2017-07-27,0,0,22,167,46,273,40,342,53,294,588
2017-07-28,22,167,46,273,40,342,53,294,59,271,539
2017-07-29,46,273,40,342,53,294,59,271,0,0,0
2017-07-30,40,342,53,294,59,271,0,0,0,0,0
2017-07-31,53,294,59,271,0,0,0,0,15,255,416
2017-08-01,59,271,0,0,0,0,15,255,0,0,0
2017-08-02,0,0,0,0,15,255,0,0,0,283,558
2017-08-03,0,0,15,255,0,0,0,283,56,254,595
2017-08-04,15,255,0,0,0,283,56,254,0,0,0
2017-08-05,0,0,0,283,56,254,0,0,71,272,623
2017-08-06,0,283,56,254,0,0,71,272,50,334,642
2017-08-07,56,254,0,0,71,272,50,334,0,0,0
2017-08-08,0,0,71,272,50,334,0,0,58,316,614
2017-08-09,71,272,50,334,0,0,58,316,39,252,453
2017-08-10,50,334,0,0,58,316,39,252,0,0,0
2017-08-11,0,0,58,316,39,252,0,0,38,317,641
2017-08-12,58,316,39,252,0,0,38,317,47,336,653
2017-08-13,39,252,0,0,38,317,47,336,0,0,0
2017-08-14,0,0,38,317,47,336,0,0,63,350,655
2017-08-15,38,317,47,336,0,0,63,350,71,351,672
2017-08-16,47,336,0,0,63,350,71,351,58,315,637
2017-08-17,0,0,63,350,71,351,58,315,73,330,628
2017-08-18,63,350,71,351,58,315,73,330,43,228,463
2017-08-19,71,351,58,315,73,330,43,228,0,0,0
2017-08-20,58,315,73,330,43,228,0,0,0,0,0
2017-08-21,73,330,43,228,0,0,0,0,42,247,495
2017-08-22,43,228,0,0,0,0,42,247,47,226,481
2017-08-23,0,0,0,0,42,247,47,226,47,162,474
2017-08-24,0,0,42,247,47,226,47,162,49,293,614
2017-08-25,42,247,47,226,47,162,49,293,36,148,411
2017-08-26,47,226,47,162,49,293,36,148,0,0,0
2017-08-27,47,162,49,293,36,148,0,0,0,0,0
2017-08-28,49,293,36,148,0,0,0,0,40,263,466
2017-08-29,36,148,0,0,0,0,40,263,37,297,559
2017-08-30,0,0,0,0,40,263,37,297,42,273,526
2017-08-31,0,0,40,263,37,297,42,273,33,275,447
2017-09-01,40,263,37,297,42,273,33,275,0,0,0
2017-09-02,37,297,42,273,33,275,0,0,0,290,563
2017-09-03,42,273,33,275,0,0,0,290,38,259,599
2017-09-04,33,275,0,0,0,290,38,259,0,0,0
2017-09-05,0,0,0,290,38,259,0,0,71,288,619
2017-09-06,0,290,38,259,0,0,71,288,36,296,572
2017-09-07,38,259,0,0,71,288,36,296,0,0,0
2017-09-08,0,0,71,288,36,296,0,0,55,261,542
2017-09-09,71,288,36,296,0,0,55,261,0,0,0
2017-09-10,36,296,0,0,55,261,0,0,0,0,0
2017-09-11,0,0,55,261,0,0,0,0,62,316,660
2017-09-12,55,261,0,0,0,0,62,316,0,0,0
2017-09-13,0,0,0,0,62,316,0,0,49,392,717
2017-09-14,0,0,62,316,0,0,49,392,64,360,710
2017-09-15,62,316,0,0,49,392,64,360,6,268,470
2017-09-16,0,0,49,392,64,360,6,268,0,0,0
2017-09-17,49,392,64,360,6,268,0,0,0,0,0
2017-09-18,64,360,6,268,0,0,0,0,54,263,545
2017-09-19,6,268,0,0,0,0,54,263,49,297,599
2017-09-20,0,0,0,0,54,263,49,297,64,288,596
2017-09-21,0,0,54,263,49,297,64,288,60,304,566
2017-09-22,54,263,49,297,64,288,60,304,45,176,422
2017-09-23,49,297,64,288,60,304,45,176,0,0,0
2017-09-24,64,288,60,304,45,176,0,0,0,0,0
2017-09-25,60,304,45,176,0,0,0,0,51,185,459
2017-09-26,45,176,0,0,0,0,51,185,50,308,599
2017-09-27,0,0,0,0,51,185,50,308,62,289,478
2017-09-28,0,0,51,185,50,308,62,289,55,317,606
2017-09-29,51,185,50,308,62,289,55,317,55,243,473
2017-09-30,50,308,62,289,55,317,55,243,0,0,0
2017-10-01,62,289,55,317,55,243,0,0,0,0,0
2017-10-02,55,317,55,243,0,0,0,0,0,254,530
2017-10-03,55,243,0,0,0,0,0,254,35,264,560
2017-10-04,0,0,0,0,0,254,35,264,54,323,671
2017-10-05,0,0,0,254,35,264,54,323,58,279,572
2017-10-06,0,254,35,264,54,323,58,279,0,0,0
2017-10-07,35,264,54,323,58,279,0,0,73,335,671
2017-10-08,54,323,58,279,0,0,73,335,46,242,475
2017-10-09,58,279,0,0,73,335,46,242,0,0,0
2017-10-10,0,0,73,335,46,242,0,0,60,323,648
2017-10-11,73,335,46,242,0,0,60,323,41,187,439
2017-10-12,46,242,0,0,60,323,41,187,0,0,0
2017-10-13,0,0,60,323,41,187,0,0,56,332,636
2017-10-14,60,323,41,187,0,0,56,332,0,0,0
2017-10-15,41,187,0,0,56,332,0,0,0,0,0
2017-10-16,0,0,56,332,0,0,0,0,84,380,750
2017-10-17,56,332,0,0,0,0,84,380,70,407,791
2017-10-18,0,0,0,0,84,380,70,407,90,411,808
2017-10-19,0,0,84,380,70,407,90,411,80,389,754
2017-10-20,84,380,70,407,90,411,80,389,54,272,564
2017-10-21,70,407,90,411,80,389,54,272,0,0,0
2017-10-22,90,411,80,389,54,272,0,0,0,0,0
2017-10-23,80,389,54,272,0,0,0,0,40,284,584
2017-10-24,54,272,0,0,0,0,40,284,61,272,459
2017-10-25,0,0,0,0,40,284,61,272,58,303,637
2017-10-26,0,0,40,284,61,272,58,303,54,186,500
2017-10-27,40,284,61,272,58,303,54,186,46,310,585
2017-10-28,61,272,58,303,54,186,46,310,0,1,1
2017-10-29,58,303,54,186,46,310,0,1,0,0,0
2017-10-30,54,186,46,310,0,1,0,0,54,266,603
2017-10-31,46,310,0,1,0,0,54,266,46,270,527
2017-11-01,0,1,0,0,54,266,46,270,0,0,0
2017-11-02,0,0,54,266,46,270,0,0,0,0,0
2017-11-03,54,266,46,270,0,0,0,0,0,0,0
2017-11-04,46,270,0,0,0,0,0,0,48,340,678
2017-11-05,0,0,0,0,0,0,48,340,64,282,620
2017-11-06,0,0,0,0,48,340,64,282,0,0,0
2017-11-07,0,0,48,340,64,282,0,0,64,316,679
2017-11-08,48,340,64,282,0,0,64,316,0,6,19
2017-11-09,64,282,0,0,64,316,0,6,45,354,648
2017-11-10,0,0,64,316,0,6,45,354,62,326,671
2017-11-11,64,316,0,6,45,354,62,326,0,0,0
2017-11-12,0,6,45,354,62,326,0,0,76,372,764
2017-11-13,45,354,62,326,0,0,76,372,67,358,746
2017-11-14,62,326,0,0,76,372,67,358,62,374,714
2017-11-15,0,0,76,372,67,358,62,374,64,362,707
2017-11-16,76,372,67,358,62,374,64,362,68,345,645
2017-11-17,67,358,62,374,64,362,68,345,50,230,490
2017-11-18,62,374,64,362,68,345,50,230,0,0,0
2017-11-19,64,362,68,345,50,230,0,0,0,0,0
2017-11-20,68,345,50,230,0,0,0,0,49,394,772
2017-11-21,50,230,0,0,0,0,49,394,55,364,698
2017-11-22,0,0,0,0,49,394,55,364,57,342,702
2017-11-23,0,0,49,394,55,364,57,342,49,333,664
2017-11-24,49,394,55,364,57,342,49,333,48,275,584
2017-11-25,55,364,57,342,49,333,48,275,0,0,0
2017-11-26,57,342,49,333,48,275,0,0,0,0,0
2017-11-27,49,333,48,275,0,0,0,0,46,357,698
2017-11-28,48,275,0,0,0,0,46,357,41,356,674
2017-11-29,0,0,0,0,46,357,41,356,48,370,714
2017-11-30,0,0,46,357,41,356,48,370,56,220,536
2017-12-01,46,357,41,356,48,370,56,220,0,0,0
2017-12-02,41,356,48,370,56,220,0,0,0,0,0
2017-12-03,48,370,56,220,0,0,0,0,0,0,0
2017-12-04,56,220,0,0,0,0,0,0,47,287,585
2017-12-05,0,0,0,0,0,0,47,287,67,320,599
2017-12-06,0,0,0,0,47,287,67,320,67,371,712
2017-12-07,0,0,47,287,67,320,67,371,71,294,664
2017-12-08,47,287,67,320,67,371,71,294,0,0,0
2017-12-09,67,320,67,371,71,294,0,0,50,383,714
2017-12-10,67,371,71,294,0,0,50,383,57,349,710
2017-12-11,71,294,0,0,50,383,57,349,0,0,0
2017-12-12,0,0,50,383,57,349,0,0,51,393,728
2017-12-13,50,383,57,349,0,0,51,393,64,392,772
2017-12-14,57,349,0,0,51,393,64,392,35,433,724
2017-12-15,0,0,51,393,64,392,35,433,29,159,423
2017-12-16,51,393,64,392,35,433,29,159,0,0,0
2017-12-17,64,392,35,433,29,159,0,0,0,0,0
2017-12-18,35,433,29,159,0,0,0,0,47,45,402
2017-12-19,29,159,0,0,0,0,47,45,19,6,49
2017-12-20,0,0,0,0,47,45,19,6,0,0,1
2017-12-21,0,0,47,45,19,6,0,0,1,0,1
2017-12-22,47,45,19,6,0,0,1,0,0,0,0
2017-12-23,19,6,0,0,1,0,0,0,0,0,0
2017-12-24,0,0,1,0,0,0,0,0,0,0,0
2017-12-25,1,0,0,0,0,0,0,0,0,0,0
2017-12-26,0,0,0,0,0,0,0,0,0,0,0
2017-12-27,0,0,0,0,0,0,0,0,0,0,0
2017-12-28,0,0,0,0,0,0,0,0,0,0,0
2017-12-29,0,0,0,0,0,0,0,0,0,0,0
2017-12-30,0,0,0,0,0,0,0,0,0,0,0
2017-12-31,0,0,0,0,0,0,0,0,0,0,0
2018-01-01,0,0,0,0,0,0,0,0,0,0,0
2018-01-02,0,0,0,0,0,0,0,0,62,302,640
2018-01-03,0,0,0,0,0,0,62,302,0,303,507
2018-01-04,0,0,0,0,62,302,0,303,0,0,0
2018-01-05,0,0,62,302,0,303,0,0,0,0,0
2018-01-06,62,302,0,303,0,0,0,0,0,0,0
2018-01-07,0,303,0,0,0,0,0,0,0,0,0
2018-01-08,0,0,0,0,0,0,0,0,0,0,0
2018-01-09,0,0,0,0,0,0,0,0,0,0,0
2018-01-10,0,0,0,0,0,0,0,0,0,0,0
2018-01-11,0,0,0,0,0,0,0,0,0,0,0
2018-01-12,0,0,0,0,0,0,0,0,0,0,0
2018-01-13,0,0,0,0,0,0,0,0,0,0,0
2018-01-14,0,0,0,0,0,0,0,0,0,0,0
2018-01-15,0,0,0,0,0,0,0,0,67,279,637
2018-01-16,0,0,0,0,0,0,67,279,66,303,595
2018-01-17,0,0,0,0,67,279,66,303,71,337,657
2018-01-18,0,0,67,279,66,303,71,337,83,304,634
2018-01-19,67,279,66,303,71,337,83,304,49,238,527
2018-01-20,66,303,71,337,83,304,49,238,0,0,0
2018-01-21,71,337,83,304,49,238,0,0,0,0,0
2018-01-22,83,304,49,238,0,0,0,0,60,213,590
2018-01-23,49,238,0,0,0,0,60,213,50,183,497
2018-01-24,0,0,0,0,60,213,50,183,53,195,447
2018-01-25,0,0,60,213,50,183,53,195,44,275,326
2018-01-26,60,213,50,183,53,195,44,275,41,87,135
2018-01-27,50,183,53,195,44,275,41,87,0,0,0
2018-01-28,53,195,44,275,41,87,0,0,0,0,0
2018-01-29,44,275,41,87,0,0,0,0,52,394,628
2018-01-30,41,87,0,0,0,0,52,394,46,339,554
2018-01-31,0,0,0,0,52,394,46,339,41,306,526
2018-02-01,0,0,52,394,46,339,41,306,0,0,0
2018-02-02,52,394,46,339,41,306,0,0,49,295,589
2018-02-03,46,339,41,306,0,0,49,295,0,238,436
2018-02-04,41,306,0,0,49,295,0,238,62,328,599
2018-02-05,0,0,49,295,0,238,62,328,0,148,367
2018-02-06,49,295,0,238,62,328,0,148,0,0,0
2018-02-07,0,238,62,328,0,148,0,0,0,0,0
2018-02-08,62,328,0,148,0,0,0,0,0,0,0
2018-02-09,0,148,0,0,0,0,0,0,0,0,0
2018-02-10,0,0,0,0,0,0,0,0,0,0,0
2018-02-11,0,0,0,0,0,0,0,0,0,0,0
2018-02-12,0,0,0,0,0,0,0,0,0,0,0
2018-02-13,0,0,0,0,0,0,0,0,0,1,1
2018-02-14,0,0,0,0,0,0,0,1,42,391,665
2018-02-15,0,0,0,0,0,1,42,391,62,355,664
2018-02-16,0,0,0,1,42,391,62,355,38,319,599
2018-02-17,0,1,42,391,62,355,38,319,0,0,0
2018-02-18,42,391,62,355,38,319,0,0,0,1,1
2018-02-19,62,355,38,319,0,0,0,1,51,398,675
2018-02-20,38,319,0,0,0,1,51,398,50,419,739
2018-02-21,0,0,0,1,51,398,50,419,45,416,722
2018-02-22,0,1,51,398,50,419,45,416,59,366,685
2018-02-23,51,398,50,419,45,416,59,366,69,310,588
2018-02-24,50,419,45,416,59,366,69,310,0,0,0
2018-02-25,45,416,59,366,69,310,0,0,0,0,0
2018-02-26,59,366,69,310,0,0,0,0,50,273,594
2018-02-27,69,310,0,0,0,0,50,273,56,308,594
2018-02-28,0,0,0,0,50,273,56,308,40,305,581
2018-03-01,0,0,50,273,56,308,40,305,56,170,487
2018-03-02,50,273,56,308,40,305,56,170,0,0,0
2018-03-03,56,308,40,305,56,170,0,0,0,0,0
2018-03-04,40,305,56,170,0,0,0,0,54,16,210
2018-03-05,56,170,0,0,0,0,54,16,56,179,462
2018-03-06,0,0,0,0,54,16,56,179,0,0,0
2018-03-07,0,0,54,16,56,179,0,0,0,0,0
2018-03-08,54,16,56,179,0,0,0,0,0,0,0
2018-03-09,56,179,0,0,0,0,0,0,0,0,0
2018-03-10,0,0,0,0,0,0,0,0,0,0,0
2018-03-11,0,0,0,0,0,0,0,0,0,0,0
2018-03-12,0,0,0,0,0,0,0,0,0,0,0
2018-03-13,0,0,0,0,0,0,0,0,67,431,826
2018-03-14,0,0,0,0,0,0,67,431,70,410,779
2018-03-15,0,0,0,0,67,431,70,410,72,470,822
2018-03-16,0,0,67,431,70,410,72,470,58,293,656
2018-03-17,67,431,70,410,72,470,58,293,0,0,0
2018-03-18,70,410,72,470,58,293,0,0,0,0,0
2018-03-19,72,470,58,293,0,0,0,0,46,371,653
2018-03-20,58,293,0,0,0,0,46,371,60,261,546
2018-03-21,0,0,0,0,46,371,60,261,56,333,662
2018-03-22,0,0,46,371,60,261,56,333,48,373,684
2018-03-23,46,371,60,261,56,333,48,373,40,315,570
2018-03-24,60,261,56,333,48,373,40,315,0,0,0
2018-03-25,56,333,48,373,40,315,0,0,0,0,0
2018-03-26,48,373,40,315,0,0,0,0,67,352,686
2018-03-27,40,315,0,0,0,0,67,352,47,323,613
2018-03-28,0,0,0,0,67,352,47,323,62,308,520
2018-03-29,0,0,67,352,47,323,62,308,44,192,353
2018-03-30,67,352,47,323,62,308,44,192,0,0,0
2018-03-31,47,323,62,308,44,192,0,0,0,0,0
2018-04-01,62,308,44,192,0,0,0,0,58,148,494
2018-04-02,44,192,0,0,0,0,58,148,0,0,0
2018-04-03,0,0,0,0,58,148,0,0,0,0,0
2018-04-04,0,0,58,148,0,0,0,0,68,18,253
2018-04-05,58,148,0,0,0,0,68,18,62,324,624
2018-04-06,0,0,0,0,68,18,62,324,0,0,0
2018-04-07,0,0,68,18,62,324,0,0,0,0,0
2018-04-08,68,18,62,324,0,0,0,0,0,0,0
2018-04-09,62,324,0,0,0,0,0,0,0,0,0
2018-04-10,0,0,0,0,0,0,0,0,0,0,0
2018-04-11,0,0,0,0,0,0,0,0,0,0,0
2018-04-12,0,0,0,0,0,0,0,0,0,0,0
2018-04-13,0,0,0,0,0,0,0,0,47,275,479
2018-04-14,0,0,0,0,0,0,47,275,0,8,8
2018-04-15,0,0,0,0,47,275,0,8,0,0,0
2018-04-16,0,0,47,275,0,8,0,0,62,377,717
2018-04-17,47,275,0,8,0,0,62,377,56,405,726
2018-04-18,0,8,0,0,62,377,56,405,56,371,700
2018-04-19,0,0,62,377,56,405,56,371,39,392,684
2018-04-20,62,377,56,405,56,371,39,392,42,314,573
2018-04-21,56,405,56,371,39,392,42,314,0,0,0
2018-04-22,56,371,39,392,42,314,0,0,0,0,0
2018-04-23,39,392,42,314,0,0,0,0,47,336,596
2018-04-24,42,314,0,0,0,0,47,336,57,346,666
2018-04-25,0,0,0,0,47,336,57,346,44,335,600
2018-04-26,0,0,47,336,57,346,44,335,45,353,624
2018-04-27,47,336,57,346,44,335,45,353,61,303,594
2018-04-28,57,346,44,335,45,353,61,303,0,0,0
2018-04-29,44,335,45,353,61,303,0,0,0,0,0
2018-04-30,45,353,61,303,0,0,0,0,0,0,0
2018-05-01,61,303,0,0,0,0,0,0,57,335,647
2018-05-02,0,0,0,0,0,0,57,335,65,398,777
2018-05-03,0,0,0,0,57,335,65,398,55,321,520
2018-05-04,0,0,57,335,65,398,55,321,50,11,219
2018-05-05,57,335,65,398,55,321,50,11,0,0,0
2018-05-06,65,398,55,321,50,11,0,0,0,0,0
2018-05-07,55,321,50,11,0,0,0,0,0,0,0
2018-05-08,50,11,0,0,0,0,0,0,0,0,0
2018-05-09,0,0,0,0,0,0,0,0,0,0,0
2018-05-10,0,0,0,0,0,0,0,0,0,0,0
2018-05-11,0,0,0,0,0,0,0,0,0,0,0
2018-05-12,0,0,0,0,0,0,0,0,0,0,0
2018-05-13,0,0,0,0,0,0,0,0,0,0,0
2018-05-14,0,0,0,0,0,0,0,0,62,381,705
2018-05-15,0,0,0,0,0,0,62,381,82,410,714
2018-05-16,0,0,0,0,62,381,82,410,80,392,735
2018-05-17,0,0,62,381,82,410,80,392,60,396,730
2018-05-18,62,381,82,410,80,392,60,396,52,323,663
2018-05-19,82,410,80,392,60,396,52,323,0,12,12
2018-05-20,80,392,60,396,52,323,0,12,0,0,0
2018-05-21,60,396,52,323,0,12,0,0,65,376,681
2018-05-22,52,323,0,12,0,0,65,376,54,383,729
2018-05-23,0,12,0,0,65,376,54,383,52,376,657
2018-05-24,0,0,65,376,54,383,52,376,57,339,606
2018-05-25,65,376,54,383,52,376,57,339,0,0,0
2018-05-26,54,383,52,376,57,339,0,0,0,0,0
2018-05-27,52,376,57,339,0,0,0,0,0,0,0
2018-05-28,57,339,0,0,0,0,0,0,51,346,624
2018-05-29,0,0,0,0,0,0,51,346,41,331,602
2018-05-30,0,0,0,0,51,346,41,331,0,13,13
2018-05-31,0,0,51,346,41,331,0,13,0,0,0
2018-06-01,51,346,41,331,0,13,0,0,0,0,0
2018-06-02,41,331,0,13,0,0,0,0,64,413,761
2018-06-03,0,13,0,0,0,0,64,413,52,127,428
2018-06-04,0,0,0,0,64,413,52,127,45,14,292
2018-06-05,0,0,64,413,52,127,45,14,0,0,0
2018-06-06,64,413,52,127,45,14,0,0,0,0,0
2018-06-07,52,127,45,14,0,0,0,0,0,0,0
2018-06-08,45,14,0,0,0,0,0,0,0,0,0
2018-06-09,0,0,0,0,0,0,0,0,0,0,0
2018-06-10,0,0,0,0,0,0,0,0,0,0,0
2018-06-11,0,0,0,0,0,0,0,0,0,0,0
2018-06-12,0,0,0,0,0,0,0,0,0,0,0
2018-06-13,0,0,0,0,0,0,0,0,0,0,0
2018-06-14,0,0,0,0,0,0,0,0,0,0,0
2018-06-15,0,0,0,0,0,0,0,0,0,0,0
2018-06-16,0,0,0,0,0,0,0,0,0,0,0
2018-06-17,0,0,0,0,0,0,0,0,0,0,0
2018-06-18,0,0,0,0,0,0,0,0,0,0,0
2018-06-19,0,0,0,0,0,0,0,0,0,0,0
2018-06-20,0,0,0,0,0,0,0,0,0,0,0
2018-06-21,0,0,0,0,0,0,0,0,0,0,0
2018-06-22,0,0,0,0,0,0,0,0,0,0,0
2018-06-23,0,0,0,0,0,0,0,0,0,0,0
2018-06-24,0,0,0,0,0,0,0,0,0,0,0
2018-06-25,0,0,0,0,0,0,0,0,0,0,0
2018-06-26,0,0,0,0,0,0,0,0,0,0,0
2018-06-27,0,0,0,0,0,0,0,0,0,0,0
2018-06-28,0,0,0,0,0,0,0,0,0,0,0
2018-06-29,0,0,0,0,0,0,0,0,0,0,0
2018-06-30,0,0,0,0,0,0,0,0,0,0,0
2018-07-01,0,0,0,0,0,0,0,0,0,0,0
2018-07-02,0,0,0,0,0,0,0,0,67,350,727
2018-07-03,0,0,0,0,0,0,67,350,50,47,241
2018-07-04,0,0,0,0,67,350,50,47,0,0,0
2018-07-05,0,0,67,350,50,47,0,0,70,285,616
2018-07-06,67,350,50,47,0,0,70,285,0,0,0
2018-07-07,50,47,0,0,70,285,0,0,0,0,0
2018-07-08,0,0,70,285,0,0,0,0,0,0,0
2018-07-09,70,285,0,0,0,0,0,0,0,0,0
2018-07-10,0,0,0,0,0,0,0,0,0,0,0
2018-07-11,0,0,0,0,0,0,0,0,0,0,0
2018-07-12,0,0,0,0,0,0,0,0,0,0,0
2018-07-13,0,0,0,0,0,0,0,0,0,0,0
2018-07-14,0,0,0,0,0,0,0,0,0,0,0
2018-07-15,0,0,0,0,0,0,0,0,0,0,0
2018-07-16,0,0,0,0,0,0,0,0,0,0,0
2018-07-17,0,0,0,0,0,0,0,0,0,0,0
2018-07-18,0,0,0,0,0,0,0,0,0,0,0
2018-07-19,0,0,0,0,0,0,0,0,0,0,0
2018-07-20,0,0,0,0,0,0,0,0,0,0,0
2018-07-21,0,0,0,0,0,0,0,0,0,0,0
2018-07-22,0,0,0,0,0,0,0,0,0,0,0
2018-07-23,0,0,0,0,0,0,0,0,0,0,0
2018-07-24,0,0,0,0,0,0,0,0,0,0,0
2018-07-25,0,0,0,0,0,0,0,0,0,0,0
2018-07-26,0,0,0,0,0,0,0,0,0,0,0
2018-07-27,0,0,0,0,0,0,0,0,0,0,0
2018-07-28,0,0,0,0,0,0,0,0,0,0,0
2018-07-29,0,0,0,0,0,0,0,0,0,0,0
2018-07-30,0,0,0,0,0,0,0,0,0,0,0
2018-07-31,0,0,0,0,0,0,0,0,0,0,0
2018-08-01,0,0,0,0,0,0,0,0,0,217,507
2018-08-02,0,0,0,0,0,0,0,217,66,368,713
2018-08-03,0,0,0,0,0,217,66,368,51,387,680
2018-08-04,0,0,0,217,66,368,51,387,0,0,0
2018-08-05,0,217,66,368,51,387,0,0,53,299,628
2018-08-06,66,368,51,387,0,0,53,299,0,0,0
2018-08-07,51,387,0,0,53,299,0,0,0,0,0
2018-08-08,0,0,53,299,0,0,0,0,0,0,0
2018-08-09,53,299,0,0,0,0,0,0,0,0,0
2018-08-10,0,0,0,0,0,0,0,0,0,0,0
2018-08-11,0,0,0,0,0,0,0,0,0,0,0
2018-08-12,0,0,0,0,0,0,0,0,0,0,0
2018-08-13,0,0,0,0,0,0,0,0,0,0,0
2018-08-14,0,0,0,0,0,0,0,0,0,0,0
2018-08-15,0,0,0,0,0,0,0,0,0,0,0
2018-08-16,0,0,0,0,0,0,0,0,0,0,0
2018-08-17,0,0,0,0,0,0,0,0,0,0,0
2018-08-18,0,0,0,0,0,0,0,0,0,0,0
2018-08-19,0,0,0,0,0,0,0,0,0,0,0
2018-08-20,0,0,0,0,0,0,0,0,0,0,0
2018-08-21,0,0,0,0,0,0,0,0,0,0,0
2018-08-22,0,0,0,0,0,0,0,0,0,0,0
2018-08-23,0,0,0,0,0,0,0,0,0,0,0
2018-08-24,0,0,0,0,0,0,0,0,0,0,0
2018-08-25,0,0,0,0,0,0,0,0,0,0,0
2018-08-26,0,0,0,0,0,0,0,0,0,0,0
2018-08-27,0,0,0,0,0,0,0,0,0,0,0
2018-08-28,0,0,0,0,0,0,0,0,0,0,0
2018-08-29,0,0,0,0,0,0,0,0,0,0,0
2018-08-30,0,0,0,0,0,0,0,0,0,0,0
2018-08-31,0,0,0,0,0,0,0,0,0,0,0
2018-09-01,0,0,0,0,0,0,0,0,52,212,512
2018-09-02,0,0,0,0,0,0,52,212,53,356,637
2018-09-03,0,0,0,0,52,212,53,356,48,236,510
2018-09-04,0,0,52,212,53,356,48,236,73,391,700
2018-09-05,52,212,53,356,48,236,73,391,50,337,644
2018-09-06,53,356,48,236,73,391,50,337,0,0,0
2018-09-07,48,236,73,391,50,337,0,0,0,0,0
2018-09-08,73,391,50,337,0,0,0,0,0,0,0
2018-09-09,50,337,0,0,0,0,0,0,0,0,0
2018-09-10,0,0,0,0,0,0,0,0,0,0,0
2018-09-11,0,0,0,0,0,0,0,0,0,0,0
2018-09-12,0,0,0,0,0,0,0,0,0,0,0
2018-09-13,0,0,0,0,0,0,0,0,0,0,0
2018-09-14,0,0,0,0,0,0,0,0,0,0,0
2018-09-15,0,0,0,0,0,0,0,0,0,0,0
2018-09-16,0,0,0,0,0,0,0,0,0,0,0
2018-09-17,0,0,0,0,0,0,0,0,0,0,0
2018-09-18,0,0,0,0,0,0,0,0,0,0,0
2018-09-19,0,0,0,0,0,0,0,0,0,0,0
2018-09-20,0,0,0,0,0,0,0,0,0,0,0
2018-09-21,0,0,0,0,0,0,0,0,0,0,0
2018-09-22,0,0,0,0,0,0,0,0,0,0,0
2018-09-23,0,0,0,0,0,0,0,0,0,0,0
2018-09-24,0,0,0,0,0,0,0,0,0,0,0
2018-09-25,0,0,0,0,0,0,0,0,0,0,0
2018-09-26,0,0,0,0,0,0,0,0,0,0,0
2018-09-27,0,0,0,0,0,0,0,0,0,0,0
2018-09-28,0,0,0,0,0,0,0,0,0,0,0
2018-09-29,0,0,0,0,0,0,0,0,0,0,0
2018-09-30,0,0,0,0,0,0,0,0,0,0,0
2018-10-01,0,0,0,0,0,0,0,0,60,352,687
2018-10-02,0,0,0,0,0,0,60,352,0,0,0
2018-10-03,0,0,0,0,60,352,0,0,0,0,0
2018-10-04,0,0,60,352,0,0,0,0,72,374,697
2018-10-05,60,352,0,0,0,0,72,374,55,18,338
2018-10-06,0,0,0,0,72,374,55,18,0,0,0
2018-10-07,0,0,72,374,55,18,0,0,0,0,0
2018-10-08,72,374,55,18,0,0,0,0,0,0,0
2018-10-09,55,18,0,0,0,0,0,0,0,0,0
2018-10-10,0,0,0,0,0,0,0,0,0,0,0
2018-10-11,0,0,0,0,0,0,0,0,0,0,0
2018-10-12,0,0,0,0,0,0,0,0,0,0,0
2018-10-13,0,0,0,0,0,0,0,0,0,0,0
2018-10-14,0,0,0,0,0,0,0,0,0,0,0
2018-10-15,0,0,0,0,0,0,0,0,0,0,0
2018-10-16,0,0,0,0,0,0,0,0,0,0,0
2018-10-17,0,0,0,0,0,0,0,0,0,0,0
2018-10-18,0,0,0,0,0,0,0,0,0,0,0
2018-10-19,0,0,0,0,0,0,0,0,0,0,0
2018-10-20,0,0,0,0,0,0,0,0,0,0,0
2018-10-21,0,0,0,0,0,0,0,0,0,0,0
2018-10-22,0,0,0,0,0,0,0,0,0,0,0
2018-10-23,0,0,0,0,0,0,0,0,0,0,0
2018-10-24,0,0,0,0,0,0,0,0,0,0,0
2018-10-25,0,0,0,0,0,0,0,0,0,0,0
2018-10-26,0,0,0,0,0,0,0,0,0,0,0
2018-10-27,0,0,0,0,0,0,0,0,0,0,0
2018-10-28,0,0,0,0,0,0,0,0,0,0,0
2018-10-29,0,0,0,0,0,0,0,0,0,0,0
2018-10-30,0,0,0,0,0,0,0,0,0,0,0
2018-10-31,0,0,0,0,0,0,0,0,0,0,0
2018-11-01,0,0,0,0,0,0,0,0,58,331,654
2018-11-02,0,0,0,0,0,0,58,331,0,0,0
2018-11-03,0,0,0,0,58,331,0,0,0,0,0
2018-11-04,0,0,58,331,0,0,0,0,74,382,770
2018-11-05,58,331,0,0,0,0,74,382,48,324,612
2018-11-06,0,0,0,0,74,382,48,324,0,0,0
2018-11-07,0,0,74,382,48,324,0,0,0,0,0
2018-11-08,74,382,48,324,0,0,0,0,0,0,0
2018-11-09,48,324,0,0,0,0,0,0,0,0,0
2018-11-10,0,0,0,0,0,0,0,0,0,0,0
2018-11-11,0,0,0,0,0,0,0,0,0,0,0
2018-11-12,0,0,0,0,0,0,0,0,0,0,0
2018-11-13,0,0,0,0,0,0,0,0,0,0,0
2018-11-14,0,0,0,0,0,0,0,0,0,0,0
2018-11-15,0,0,0,0,0,0,0,0,0,0,0
2018-11-16,0,0,0,0,0,0,0,0,0,0,0
2018-11-17,0,0,0,0,0,0,0,0,0,0,0
2018-11-18,0,0,0,0,0,0,0,0,0,0,0
2018-11-19,0,0,0,0,0,0,0,0,0,0,0
2018-11-20,0,0,0,0,0,0,0,0,0,0,0
2018-11-21,0,0,0,0,0,0,0,0,0,0,0
2018-11-22,0,0,0,0,0,0,0,0,0,0,0
2018-11-23,0,0,0,0,0,0,0,0,0,0,0
2018-11-24,0,0,0,0,0,0,0,0,0,0,0
2018-11-25,0,0,0,0,0,0,0,0,0,0,0
2018-11-26,0,0,0,0,0,0,0,0,0,0,0
2018-11-27,0,0,0,0,0,0,0,0,0,0,0
2018-11-28,0,0,0,0,0,0,0,0,0,0,0
2018-11-29,0,0,0,0,0,0,0,0,0,0,0
2018-11-30,0,0,0,0,0,0,0,0,0,0,0
2018-12-01,0,0,0,0,0,0,0,0,52,282,515
2018-12-02,0,0,0,0,0,0,52,282,0,0,0
2018-12-03,0,0,0,0,52,282,0,0,71,301,645
2018-12-04,0,0,52,282,0,0,71,301,78,399,747
